id,final,category,severity,feet_x,feet_z,object,reason,image
cl_016_prop0,confirmed_real,屋顶/檐角/屋脊,high,166.02,275.98,watchtower pagoda roof right slope and gold upturned eave corner,"The tower's base is 130+ px south of the feet. The painting itself draws this roof over the wall-walk surface the feet stand on, which confirms the roof is in front. The feet cell is in an isolated 12-cell wall-walk island, so it may be hard to reach.",cl_016_prop0.png
cl_024_prop0,confirmed_real,柱/门/牌坊,high,201.86,270.02,gate arch right column and wall face (and the facade above the arch),"The feet are on a walk island inside the arch, about 80 px north of the facade base. The right column and wall face are in front and are drawn under the actor, and by the same rule the head above the arch should also be hidden. The island is 4 cells and not connected even diagonally, so it is probab",cl_024_prop0.png
cl_132_prop0,confirmed_real,树冠/树干,high,279.83,266.02,broad-leaf tree crown beside the courtyard gate pillar,"The trunk rises from the narrow planter inside the courtyard wall, about 2-3 u south of the feet. The crown rises about 2.9 u north, and its west and centre are hidden behind the legs and lower torso.",cl_132_prop0.png
cl_177_prop3,confirmed_real,灯柱/宝顶,high,133.98,262.01,tall free-standing bronze post with gold finial,"This is one of a row of ~180 px tall bronze posts. Its base is on the pool rim about 100 px south of the feet, and there is a gold collar partway down. The shaft runs straight through the right leg and bag, and the finial is hidden behind the torso. Above the feet the post is completely covered. Thi",cl_177_prop3.png
cl_119_prop0,confirmed_real,屋顶/檐角/屋脊,high,264.01,254.0,small kiosk gold finial and east half of its teal roof,"The kiosk's pillars and stone platform are about 3-4 u south. Its finial and the east half of its roof rise north of the feet line, behind the gourd, arm and legs. The west half of the roof stays visible.",cl_119_prop0.png
cl_172_prop0,confirmed_real,柱/门/牌坊,high,115.77,254.0,brown bollard post on round stone base,"The round stone base's bottom edge is about 0.8u south, so the bollard is in front. Its upper half and cap are under the right leg/boot, with a sliver between the legs. The thin line above it is a medallion groove, and the gold balustrade knobs stay outside the silhouette.",cl_172_prop0.png
cl_037_prop0,confirmed_real,灯柱/宝顶,high,219.87,252.0,tall spire ornament: gold swirl finial and upper shaft,"The ornament stands on a stone pedestal whose base is about 7 u south. Its shaft and gold swirl finial rise to about 4.6 u above the feet line, and the character stands directly over them, hiding almost all of the finial. This is the same pattern as the calibration lamp.",cl_037_prop0.png
cl_054_prop0,confirmed_real,其他,high,177.83,252.0,gold tiered spire of a teal pedestal ornament,"The pedestal base is about 7 u south. The gold tiered spire rises to about 4.7 u north, and the character stands right over it, leaving only a sliver visible.",cl_054_prop0.png
cl_075_prop0,confirmed_real,灯柱/宝顶,high,254.0,252.0,square stone gate post with gold bulb finial,"At 4x the post shaft continues at least 15 px below the feet line to its base beside the small planter. Its finial rises ~75 px above the line. The left arm, gourd and left leg hide the finial and nearly the whole shaft, which is the calibration-lamp defect.",cl_075_prop0.png
cl_139_prop0,confirmed_real,灯柱/宝顶,high,124.02,252.0,"gold finial on the curved wooden balustrade post, and the top rail","The balustrade stands on the rim of the sunken round plaza, with its post bases about 2 u south. The finial head is hidden under the crotch and left leg, with only its lower stem showing in the leg gap. Both boots are drawn over the curved top rail.",cl_139_prop0.png
cl_121_prop0,confirmed_real,屋顶/檐角/屋脊,high,287.84,250.0,multi-tier pavilion upper roof's two gold upturned eave tips,The pavilion's tiers and walls lie well south of the feet. The two upturned gold eave tips and the upper-west roof edge rise about 2.3 u north of the feet line and fall entirely inside the leg outline.,cl_121_prop0.png
cl_047_prop0,confirmed_real,屋顶/檐角/屋脊,high,200.0,235.99,gold spire on a large roof's peak,"The roof peak is about 2 u south of the feet, and the building's base is off-crop more than 9 u south. The gold spire rises from the peak to about 5 u north and is almost fully hidden behind the legs and torso.",cl_047_prop0.png
cl_204_prop0,confirmed_real,屋顶/檐角/屋脊,high,191.99,233.98,upturned roof eave ornament (gold curl and teal body),"The ornament rises from the corner of a roof whose base is far south, reaching about 75 px above the feet. The right half of the gold curl is under the gourd hand and arm, and the right part of the teal body is under the left leg.",cl_204_prop0.png
cl_045_prop0,confirmed_real,屋顶/檐角/屋脊,high,262.01,231.98,"lower kiosk's gold finial (vase, leaf stem, gold drop) above its blue roof","At 5x, the roof ridges of the lower kiosk run straight into the gold vase, so this tall ornament is that kiosk's finial, not a free-standing post. The kiosk's base is about 4.7 u south. The finial rises to about 4.5 u north of the feet and is hidden behind the legs and torso.",cl_045_prop0.png
cl_052_prop0,confirmed_real,柱/门/牌坊,high,277.98,231.98,large urn's east gold handle arch and neck rim,"The urn's feet sit on its round pedestal about 3.5-4 u south, and the east handle springs from the pedestal about 5 u south. The upper arch and neck rim above the feet line are hidden behind the legs and torso.",cl_052_prop0.png
cl_113_prop0,confirmed_real,屋顶/檐角/屋脊,high,161.87,229.98,gold bud finial on bridge balustrade newel post,"The gray newel post's shaft runs from the feet line down past the bridge arch, at least 2.5 u south. The gold finial on top rises about 2 u north of the feet line and is almost fully covered by the legs and gourd.",cl_113_prop0.png
cl_125_prop0,confirmed_real,灯柱/宝顶,high,145.85,229.98,stone lantern pillar's gold dome cap and finial,"The lantern's stone pillar runs from the feet line down to its base about 4-5 u south, beside the bridge. The gold cap and finial, rising about 2.8 u north, are covered by the legs with only slivers showing.",cl_125_prop0.png
cl_135_prop0,confirmed_real,屋顶/檐角/屋脊,high,235.99,229.98,"gold ornament on the bridge newel post, and the balustrade rail","The carved newel post runs south down to the bridge arch, several u south of the feet. The gold ornament on it, rising about 2.5 u, is hidden behind the gourd and left leg. The right boot covers the diagonal rail of the same upright balustrade.",cl_135_prop0.png
cl_006_prop0,confirmed_real,屋顶/檐角/屋脊,high,135.99,227.98,"pavilion roof right slope, gold ridge-end ornament, white ball knob","The roof's right slope and the gold ridge-end ornament at chest height are under the actor's left half, and a white ball knob sits by the right leg. The pavilion facade is 50-120 px south of the feet, so all of it stands in front.",cl_006_prop0.png
cl_040_prop0,confirmed_real,屋顶/檐角/屋脊,high,252.0,227.98,bridge-end stone post shaft and gold finial,"The post stands at the east end of the bridge balustrade, with its round base on the bank about 2 u south of the feet. Its shaft and gold finial rise to about 4.3 u north, and the character stands directly over them. The legs and torso hide the finial and upper shaft completely.",cl_040_prop0.png
cl_141_prop0,confirmed_real,屋顶/檐角/屋脊,high,293.85,227.98,pavilion roof gold ridge arcs + apex finial,"The roof runs 7u+ south, so the building's walls are well south of the feet and all of it is in front. The gold ridge arcs rising above the line are under both boots. The left third of the apex finial is under the right leg, and its tip reaches the hand edge.",cl_141_prop0.png
cl_169_prop0,confirmed_real,树冠/树干,high,170.02,227.98,planter tree crown top,The trunk base is 4u+ south inside the planter. The crown top rises about 1.6u above the feet and is under the left boot and pant leg. The planter's low NE curb corner under the right boot is flat.,cl_169_prop0.png
cl_106_prop0,confirmed_real,屋顶/檐角/屋脊,high,303.86,225.98,pavilion roof west gold curled ridge-end and west teal slope,"The wide view shows the pavilion's walls and round-window front standing about 3-4 u south of the feet, with its roof drawn north of them. The gold curled ridge-end and the west roof slope lie inside the torso and leg outline and are drawn under the character. A clear case of a roof in front.",cl_106_prop0.png
cl_018_prop0,confirmed_real,屋顶/檐角/屋脊,high,216.02,224.02,east edge of a huge pavilion roof with gold rod; small railing finial,"About 30 px of roof edge and its gold rod are under the actor's left half, and the roof runs past the bottom of the panel, so the building's base is far south. A small gold finial on a frame that runs south is also under the right leg.",cl_018_prop0.png
cl_032_prop0,confirmed_real,屋顶/檐角/屋脊,high,181.84,224.02,west edge of a huge pavilion roof with gold rod; gate/railing gold end ornament,"This is the mirror of cl_018 on the same large pavilion. About 30 px of roof edge and the gold rod are under the actor's right half, with the base far south. A gold end ornament on a railing/gate frame that runs south is also under the left leg.",cl_032_prop0.png
cl_160_prop0,confirmed_real,树冠/树干,high,133.84,218.02,garden tree crown top-left lobes,The trunk reaches the ground about 3.7u south. The upper-left crown lobes rise about 2.3u above the feet and are under the right leg and the gap between the legs. The bed-edge flower bushes under the left boot are minor.,cl_160_prop0.png
cl_021_prop0,confirmed_real,树冠/树干,high,268.02,216.02,small tree's crown right lobe and a low shrub beside the trunk,"At pixel level the trunk meets the ground about 10-18 px south of the feet, less than the reviewer's 29 px but still south. The crown lobe (dy -60..-13) and the shrub below it (base about +10) are under the left leg and hip. The balustrade finial only touches the boot tip.",cl_021_prop0.png
cl_022_prop0,confirmed_real,屋顶/檐角/屋脊,high,70.02,212.01,round pavilion roof right slope and big curled gold eave horn,The facade is 20-70 px south of the feet. The roof slope and the horn with its knob at shoulder height are under the actor. The feet cell is in an isolated 92-cell walk island.,cl_022_prop0.png
cl_025_prop0,confirmed_real,柱/门/牌坊,high,166.02,204.0,ornate column shaft and carved capital,"The plinth is 95-120 px south of the feet. The right half of the shaft and the capital are under the actor's left half. The feet are on an isolated 6-cell island east of the shaft, so it is unlikely to be seen in play.",cl_025_prop0.png
cl_038_prop0,confirmed_real,柱/门/牌坊,high,229.83,204.0,monument column shaft and capital ring,"The column's stepped base is about 4-5.5 u south. Its fluted shaft and capital ring fill the character's east half from the feet up to the shoulders. The column is upright and in front, so it should hide that half.",cl_038_prop0.png
cl_140_prop0,confirmed_real,柱/门/牌坊,high,217.87,196.0,terrace-edge balustrade: post with gold knob + rails,"The balustrade stands on the terrace's south edge, with its plinth at or just south of the feet row, and the terrace wall drops away below it. The character must be north of it. The second post's gold knob (about 1.7u tall) is under the right leg, and the rail between the posts is under both boots.",cl_140_prop0.png
cl_150_prop0,confirmed_real,柱/门/牌坊,high,187.99,196.0,stair-head newel post gold knob,"The newel caps the stair's west rail at the terrace's south edge. Its base is at the feet row or just south (the rail continues down the stairs), and the character on the terrace must be north of it. The gold knob is fully under the pants, and the shaft shows between the legs.",cl_150_prop0.png
cl_124_prop12,confirmed_real,屋顶/檐角/屋脊,high,303.86,193.99,curled gold ornament on the hall roof ridge,The hall's ridge sits at the feet line and its body extends far south. The curled ridge ornament rises about 1.5-2 u north of the ridge and is almost fully hidden behind the right leg and bag.,cl_124_prop12.png
cl_001_prop12,confirmed_real,屋顶/檐角/屋脊,high,314.01,189.99,"pavilion roof right slope, curled gold ridge end, edge of gold finial","The right slope and curled gold ridge end are under the legs and torso, and the finial's right edge is at the left shoulder. The facade is 45-120 px south of the feet in the context crop, so the roof stands in front.",cl_001_prop12.png
cl_128_prop12,confirmed_real,屋顶/檐角/屋脊,high,285.84,189.99,roof west upturned gold eave curl and gold-trimmed west roof edge,"The building's front wall and door lie several u south. The west gold eave curl, about 3 u north of the feet line, is under the torso and bag, and the trimmed roof edge is under the legs. The magenta on the grey cast shadow to the west is detector leak.",cl_128_prop12.png
cl_026_prop12,confirmed_real,树冠/树干,high,273.88,185.99,tree crown left lobe,"The lobe joins the trunk by a visible branch, and the trunk reaches the ground at a gold ball about 75 px south of the feet. The lobe covers the legs and torso area.",cl_026_prop12.png
cl_085_prop0,confirmed_real,树冠/树干,high,125.98,185.99,crown of the tree growing from a carved pot,"The trunk descends into the carved pot in the garden bed, about 60 px south of the feet. The crown rises ~47 px above the line, and the actor's legs and lower torso hide its right half.",cl_085_prop0.png
cl_103_prop0,confirmed_real,屋顶/檐角/屋脊,high,95.85,185.99,teal roof's west eave corner with gold curl,The roof extends more than 120 px south to its building. The gold curl (~77 px north) and the roof's west end are under the right leg and torso. The small gold vase post to the SW stays at or below the line.,cl_103_prop0.png
cl_012_prop0,confirmed_real,灯柱/宝顶,high,185.84,181.98,lamp gold finial and teal cap,"The feet are identical to the in-game-confirmed calibration case (185.84, 181.98). The lamp body stands south of the feet, and its finial and cap rise into the legs.",cl_012_prop0.png
cl_050_prop0,confirmed_real,灯柱/宝顶,high,212.01,181.98,"teal lamp dome, gold ring and stacked gold finial","The lamp stands in a small planter box, with its body base about 2.3 u south and the box front about 4 u south. The dome, ring and stacked finial, up to about 5.8 u north, sit under the legs and left arm. This is the east-side twin of the calibration lamp.",cl_050_prop0.png
cl_035_prop0,confirmed_real,屋顶/檐角/屋脊,high,319.87,177.98,"gate-pavilion teal roof, NW corner (corner planter + gold west eave frame)","A 2x context crop shows this is the N-S-ridged roof of a gate pavilion. Its lattice facade is about 4.5 u south of the feet, with a second tier and facade about 8 u south. The character stands just west of the roof, and its right third (arm, side of torso, right leg) is drawn over the roof's NW corn",cl_035_prop0.png
cl_145_prop16,confirmed_real,灯柱/宝顶,high,157.86,175.98,lamp teal cap + gold finial,"Same case as the calibrated lamp: the square pedestal runs from about 0.2u to 4u south of the feet. The teal cap is under the right leg, and the finial's left half is under the right hand/arm.",cl_145_prop16.png
cl_013_prop0,confirmed_real,灯柱/宝顶,high,141.99,174.02,lamp column's gold vase finial (about 90 px tall),"The column's plinth is 65-120 px south of the feet. The whole finial, from the collar at the feet row up to the tip, is under the legs and torso.",cl_013_prop0.png
cl_027_prop0,confirmed_real,屋顶/檐角/屋脊,high,87.84,172.02,pavilion NW gold eave curl and roof west edge; signboard with gold knob,"The curl and a 10-15 px strip of roof edge belong to a pavilion whose facade is 70+ px south, and they sit under the right arm and side. An upright signboard (writing panel with a gold knob on top, stand continuing south of the feet) is under the right leg. Walk island is 3 cells (4-connected), join",cl_027_prop0.png
cl_055_prop12,confirmed_real,屋顶/檐角/屋脊,high,279.98,172.02,pagoda roof east slope and gold beaded edge,"The feet sit about on the roof's east edge; the walk cells are coarse, 2 u. The character's west third covers the roof's east slope and beaded gold edge over its full height. The building's facade is about 8 u south, so the roof is in front.",cl_055_prop12.png
cl_114_prop18,confirmed_real,其他,high,295.85,172.02,armillary sphere upper-left outer ring arc and spoke,"The sphere's pedestal bowl is about 7-9 u south. The ring stands upright, so its upper arc is drawn over walkable paving north of the feet. The arc and a spoke fall inside the right leg and lower-torso outline and are drawn under the character.",cl_114_prop18.png
cl_030_prop0,confirmed_real,灯柱/宝顶,high,251.86,170.02,"lamp upper teal body, gold collar ring, lower finial","The lamp's stone base in its square planter is 40-75 px south of the feet. Its body, collar and the lower-left of the finial are under the actor's right half.",cl_030_prop0.png
cl_088_prop0,confirmed_real,屋顶/檐角/屋脊,high,109.86,164.01,small pavilion's left upswept eave + gold dragon-head pole,"The structure's feet are ~80 px south. At 4x the dragon head sits on a pole that runs down past the feet line, so its base is south, and the left leg hides it. The upswept left eave tip is hidden by the right sleeve and leg.",cl_088_prop0.png
cl_133_prop12,confirmed_real,柱/门/牌坊,high,281.98,158.01,white rounded-top post at the porch's south-east corner,"A raw zoom shows the white rounded top continuing as a grey shaft down to the planter kerb, about 1.6 u south of the feet. The top rises about 1.5 u north and is completely hidden behind the left leg. The dark porch shrub under the gourd probably stands north of the feet on the raised porch, so it i",cl_133_prop12.png
cl_156_prop0,confirmed_real,屋顶/檐角/屋脊,high,127.98,150.0,roof ridge-end gold knob + inner ridge curl,"The teal roof belongs to a building extending 7u+ south. Its gold ridge-end knob (about 1.8u above the feet) is almost fully under the left leg, and the inner ridge curl is under the boots.",cl_156_prop0.png
cl_058_prop0,confirmed_real,屋顶/檐角/屋脊,high,85.84,148.0,pavilion roof NW corner gold rim curl and crest ornaments,"The roof corner starts about 3 u north of the feet. Its gold curl, crest ornaments and tiles are covered by the character's right half, and the building's base is more than 9 u south.",cl_058_prop0.png
cl_062_prop0,confirmed_real,屋顶/檐角/屋脊,high,116.02,148.0,roof NE corner gold curled rim and crest finial,"The roof's NE corner curl, about 2.5 u north, the crest finial and the tiles down to the feet line are under the legs. The building's facade is more than 8 u south.",cl_062_prop0.png
cl_137_prop0,confirmed_real,屋顶/檐角/屋脊,high,302.0,148.0,upright gold hook on the roof ridge corner and east upturned eave curl,"The ridge lies at the feet line and the building is south. The roughly 2.5 u gold hook is hidden behind the left leg and gourd. The east eave curl is mostly under the right boot, with only its tip showing.",cl_137_prop0.png
cl_000_prop0,confirmed_real,屋顶/檐角/屋脊,high,277.98,146.0,"pavilion roof upper-right slope, vertical gold hip rod and curled gold horn","About 30 px of teal roof slope, the gold hip rod and the curled horn at chest height are drawn under the actor's left half. The facade and base run off the panel, 70+ px south of the feet (seen in a wider crop), so the roof is in front.",cl_000_prop0.png
cl_031_prop0,confirmed_real,屋顶/檐角/屋脊,high,289.84,146.0,pavilion roof upper edge with two curled gold horns,"The building runs off the panel to the south. The roof edge and one horn are under the lower torso and legs, and a second horn is partly under the right arm.",cl_031_prop0.png
cl_108_prop0,confirmed_real,树冠/树干,high,100.0,146.0,market-stall parasol canopy (east third) and thin stall pole,"The canopy is raised on a pole. The next parasol south shows its pole about 3.7 u long, so this canopy's pole base is roughly 2 u south of the feet, inside the blocked stall cluster. The canopy's east third hangs over walkable paving and is drawn under the legs and lower torso. So is the thin pole b",cl_108_prop0.png
cl_110_prop0,confirmed_real,树冠/树干,high,261.87,143.99,"garden tree crown top rising over the terrace balustrade, plus the balustrade rail","The tree's trunk stands about 9 u south in the garden below the terrace. Its crown top rises about 1.8 u above the stone rail at the feet line and sits behind the right leg and boots. The rail itself belongs to the balustrade, whose base is south, and it is also drawn under the boots.",cl_110_prop0.png
cl_065_prop0,confirmed_real,灯柱/宝顶,high,237.84,135.99,"teal lamp body, gold ring and gold top","The lamp stands on a square pedestal whose footprint is about 1.5-4 u south. Its west half (teal body, gold ring, edge of the gold top) is under the character's right side.",cl_065_prop0.png
cl_011_prop0,confirmed_real,柱/门/牌坊,high,129.98,129.98,kiosk SE corner post and the column of goods beside it,"A wooden corner post runs from the kiosk eave down to its front base about 33 px south of the feet, and it lies under the actor's left side. That alone makes this real. The gold pumpkin and jars beside it are probably a display on that corner. If they are instead a row of goods on the ground, the on",cl_011_prop0.png
cl_153_prop47,confirmed_real,灯柱/宝顶,high,185.84,127.98,lamp gold finial + teal cap top,"The lamp's square pedestal runs from about 1u to 5u south. The gold finial (up to about 2.3u above the feet) is fully inside the right leg/pants, and the top of the teal cap is under the right boot.",cl_153_prop47.png
cl_203_prop48,confirmed_real,灯柱/宝顶,high,211.87,127.98,teal lamp gold finial and cap,"This is the same lamp type as the control, with its plinth far south. The finial tops out about 46 px above the feet. The right leg hides the left ~40% of the finial and the upper-left of the teal cap.",cl_203_prop48.png
cl_129_prop0,confirmed_real,灯柱/宝顶,high,167.87,125.98,stone lantern's wide gold cap (west third) and upper stone body,"The lantern's pillar base is about 5 u south. The west third of its wide gold cap and the stone body below it sit behind the torso, bag and legs. The finial stays mostly visible.",cl_129_prop0.png
cl_167_prop0,confirmed_real,屋顶/檐角/屋脊,high,106.01,125.98,roof ridge beast figurine + gold ridge line,"The roof belongs to a building whose front gate is about 6u south. The small figurine standing on the ridge is under the left leg, and the gold ridge line is under both boots.",cl_167_prop0.png
cl_051_prop0,confirmed_real,树冠/树干,high,85.84,124.02,lantern gold umbrella canopy,"The lantern's post runs down to a base about 3.5-4 u south. The west part of its gold canopy, about 0-4 u north of the feet, is drawn under the character's right leg and torso.",cl_051_prop0.png
cl_089_prop0,confirmed_real,屋顶/檐角/屋脊,high,117.87,124.02,gate pavilion's blue roof left edge + gold eave bracket,"The steps and base are 35-75 px south of the feet. At 4x the roof's left ~15 px strip with its gold edge trim (over ~80 px of height) and the lower-left gold bracket are hidden by the right arm, pouch and right leg.",cl_089_prop0.png
cl_019_prop0,confirmed_real,雕像/石狮/石件,high,229.98,122.02,stone pedestal shaft with gold ring emblem and gold vessel top,"The plinth is 60-70 px south of the feet. The shaft and emblem are under the legs and torso, and the vessel is behind the head.",cl_019_prop0.png
cl_107_prop0,confirmed_real,灯柱/宝顶,high,283.98,122.02,gold orb finial in the rounded cap of the stair-balustrade newel,"The orb sits in the rounded top of the newel at the north end of the balustrade that runs south beside the stairs. That strip is blocked. The newel's front face drops about 0.8 u below the feet line before joining the rail, so its base is south of the feet. The orb (about 1.3 u tall) and the arch of",cl_107_prop0.png
cl_069_prop0,confirmed_real,屋顶/檐角/屋脊,high,125.98,106.01,roof north edge upturned gold eave curl and tiles,"The character stands on a narrow E-W walkway right behind the roof. The roof's north-edge gold curl, about 3 u north, and its tiles are covered by the left arm, torso and legs. The facade is 7-9 u south.",cl_069_prop0.png
cl_199_prop0,confirmed_real,屋顶/檐角/屋脊,high,137.84,106.01,dark-teal dragon crest on south roof ridge,"The crest sits on the ridge of a building whose base is far south. Its tall spike (x +6..+26 px, top about 38 px above the feet) is mostly under the right leg, and a small spike is under the left boot. The gold spire is to the right and stays visible.",cl_199_prop0.png
cl_161_prop0,confirmed_real,屋顶/檐角/屋脊,high,75.88,104.0,roof ridge-end ornament (teal curl + gold ball),"The roof belongs to a building extending 7u+ south. Its ridge-end curl with the gold ball, about 1.4u above the line, is fully under the boots and legs. The tall gold finial post just touches the right hand's edge.",cl_161_prop0.png
cl_091_prop0,confirmed_real,屋顶/檐角/屋脊,high,105.86,102.0,kiosk roof top edge + trunk and crown of the tree behind it,"At 4x the tree's pale trunk is visible from the crown down to the feet line, where the roof hides it, so the tree's base is south. The kiosk base is far south. The boots cover the roof's upper edge (6-8 px deep); the upswept tip itself shows between the legs. The right leg covers the trunk, and the ",cl_091_prop0.png
cl_097_prop0,confirmed_real,屋顶/檐角/屋脊,high,83.98,102.0,teal roof's upswept eave corner with gold trim,"The roof continues more than 120 px south to its building. At 4x the gold eave tip (~65 px north) and the teal roof below it are hidden by the gourd, arm and legs. The gold pole to the east only touches the sprite edge, with no real overlap.",cl_097_prop0.png
cl_028_prop51,confirmed_real,树冠/树干,high,277.98,98.0,tree crown top,"The trunk is visible down to about 80 px south of the feet, where it goes behind a roof ridge, so the base is at least that far south. The crown top rises into the legs and hips.",cl_028_prop51.png
cl_116_prop53,confirmed_real,屋顶/檐角/屋脊,high,313.87,96.0,tall crown tuft of the hedge between the paving edge and the hall roof,"The hedge grows in the bed that starts at the feet row and runs south to the hall roof; the roof's gold ridge ornaments overlap its lower edge. Its base is therefore about 1-1.5 u south. The tallest tuft rises about 2.7 u north, and its west side and peak sit behind the legs and hips. It is upright ",cl_116_prop53.png
cl_136_prop53,confirmed_real,屋顶/檐角/屋脊,high,305.86,96.0,crown tuft of the hedge between the paving edge and the hall roof (same hedge as cl_116),"This is the same hedge as cl_116: rooted in the bed south of the feet row and in front of the hall roof, with its base about 1-1.5 u south. A tuft peak about 2.4 u tall sits behind the legs and hips, with foliage visible on both sides.",cl_136_prop53.png
cl_053_prop0,confirmed_real,其他,high,177.83,93.99,gold ornament and teal fan on a stepped square plinth,"The plinth's top face and front face put its whole footprint about 1.5-5 u south of the feet. The ornament on top is drawn 0-5 u north of the line, and its west 40% (fan wing and spire) is covered by the right leg and torso.",cl_053_prop0.png
cl_094_prop52,confirmed_real,屋顶/檐角/屋脊,high,217.87,93.99,stone pagoda lantern roof + gold crown,The plinth is ~85-100 px south of the feet. The left upturned teal eave and the left part of the gold crown (≈40 of its ~90 px width) are hidden behind the legs and torso.,cl_094_prop52.png
cl_023_prop51,confirmed_real,屋顶/檐角/屋脊,high,289.99,91.99,"pavilion roof NE corner (gold ridge rod, eave horn) and white doorway frame top","The roof corner and the frame beside it both run down to the facade and frame base 70+ px south. The gold rod, horn and frame corner are under the legs.",cl_023_prop51.png
cl_178_prop0,confirmed_real,店铺/货摊/货物,high,101.76,89.99,wooden crossbar rack of the market stall,"A rack with two uprights and crossbars stands at the stall table, and its left upright continues down in front of the table. Its base is at least 5 px south of the feet (the table's back edge) and probably ~40-50 px (the ground). It rises ~30 px, and both legs hide it almost completely. The left edg",cl_178_prop0.png
cl_146_prop0,confirmed_real,其他,high,91.85,85.99,"gilded ribbed dome: shoulder figurine, side handle, rim","The dome structure's body, lower ring and sphere run 7u+ south, with a cast shadow to the SW. The dome top above the line has a small dark figurine under the right hip/leg. The side handle bar and knob are under both boots, and the upper-left rim is under the right leg.",cl_146_prop0.png
cl_092_prop0,confirmed_real,树冠/树干,high,268.02,77.98,garden tree crown,"A thin trunk runs from the crown bottom at the line down into the garden bed, ~40-50 px south. The crown reaches ~47 px north and is mostly hidden behind the legs.",cl_092_prop0.png
cl_007_prop0,confirmed_real,树冠/树干,high,281.98,75.98,tall garden tree's upper crown,"A single thin trunk runs from the crown down to at least 100 px south of the feet (checked in a 3x outline view), so this is a tall tree based far south. Its upper crown fills the legs and hips and is painted over today.",cl_007_prop0.png
cl_148_prop0,confirmed_real,树冠/树干,high,312.01,75.98,tree crown top lobes,"The trunk descends to the building roof line about 3.7u south. The crown's top lobes reach about 1.8u above the feet and are under the left boot, the lower pants and the inner edge of the right boot.",cl_148_prop0.png
cl_070_prop0,confirmed_real,灯柱/宝顶,high,175.88,74.02,gold urn finial on balustrade end post + E-W balustrade top rail,"The urn sits on the grey end post of the E-W balustrade. That post runs down to the shrub line, about 30 px south of the feet. The actor's right arm, hand and pouch hide the urn's left ~40% and its white spike tip, the same pattern as the calibration lamp. The balustrade's own base is ~10 px south, ",cl_070_prop0.png
cl_086_prop0,confirmed_real,树冠/树干,high,237.84,74.02,tree crown + E-W balustrade top rail,"The trunk runs down to the waterside terrace, ~100+ px south. The crown's upper-left (up to ~47 px north) is hidden behind the legs. As in cl_070, the balustrade's base is ~10 px south and its top rail is under the boots.",cl_086_prop0.png
cl_112_prop0,confirmed_real,屋顶/檐角/屋脊,high,289.99,74.02,pavilion east upturned gold eave corner and upper roof edge,"The pavilion's walls and steps are about 4-5 u south. Its east upturned gold eave tip and the gold-trimmed upper roof edge rise north of the feet line and fall inside the leg outline, where they are drawn under the character. The ridge finial to the west stays clear.",cl_112_prop0.png
cl_118_prop0,confirmed_real,灯柱/宝顶,high,224.02,74.02,"gold bulb finial on the pool balustrade corner post, and the top rail","The corner post's dark shaft and the balustrade wall run about 3 u south of the feet line. The finial's east half is covered by the gourd and left leg, and the boots cover the top rail. Both belong to an upright balustrade whose base is south.",cl_118_prop0.png
cl_123_prop0,confirmed_real,雕像/石狮/石件,high,137.99,70.02,large stepped stone urn: east half of gold mouth rim and upper shoulder,"The urn stands in a round bed ringed by gold lions, with its foot about 4-5 u south. Its gold mouth and stepped shoulder are drawn north of the feet line. Their east half is covered by the gourd and left leg.",cl_123_prop0.png
cl_066_prop54,confirmed_real,屋顶/檐角/屋脊,high,96.0,68.02,ridge-beast ornament where two teal roofs meet,The ornament sits where a N-S roof's east eave meets the lower roof's NW corner. Both buildings are based well south; the lower facade is 7-9 u south. The legs and torso cover most of the beast.,cl_066_prop54.png
cl_098_prop0,confirmed_real,屋顶/檐角/屋脊,high,152.0,62.01,"domed pavilion's east side: corner gem, dome edge, gold scroll brackets","The wide view shows the pavilion's stepped platform extends ~65 px south of the feet, and the actor stands against its east flank. The gem sits on the roof's east corner, whose footprint lies on the pavilion's mid-line, south of the feet. The gem, dome edge and brackets are hidden behind the left ar",cl_098_prop0.png
cl_200_prop0,confirmed_real,屋顶/檐角/屋脊,high,135.84,58.01,teal dragon crest on south roof ridge,"The crest is ~24 px tall on a roof whose base is far south. The left boot covers the head's left edge and the right leg covers the middle (+5..+21 px). The head is still visible between the legs, so it does not fully disappear. The gold spire and the bush are outside the silhouette.",cl_200_prop0.png
cl_096_prop0,confirmed_real,屋顶/檐角/屋脊,high,291.85,56.01,crown of the tree whose trunk goes behind the blue roof,"The trunk and branches are visible down to ~60 px south, where the roof hides them. It is one crown mass, and its left-middle lobe (dy -47..0) is under the legs and hip.",cl_096_prop0.png
cl_171_prop0,confirmed_real,树冠/树干,high,308.01,52.0,small tree crown right lobes,"The trunk runs down to the roof-line greenery about 2.5-3.7u south. The crown's right lobes are under the left leg, the gap between the legs and the right boot.",cl_171_prop0.png
cl_170_prop0,confirmed_real,树冠/树干,high,117.87,50.0,"tree crown top (a tree, not just a bush)","The wider view shows a trunk descending to about 5u south, with its shadow thrown west. The crown top rises about 1.5u above the feet and is under both boots and the lower pants.",cl_170_prop0.png
cl_159_prop0,confirmed_real,灯柱/宝顶,high,95.65,46.0,gold lantern head on a curved post,"The lantern post plants into a rock pile about 1.2-2.7u south. The gold lantern head sits behind both legs and the pants, and only the thin hook shows below the right boot.",cl_159_prop0.png
cl_201_prop0,confirmed_real,屋顶/檐角/屋脊,high,200.0,46.0,gold ball-topped ridge-end ornament,"The ornament sits where the ridge steps down, on a building whose base is far south, and rises ~40 px. The right half of the ball and the upper curl are under the gourd and left leg, and its gold ridge-end post is under the left boot.",cl_201_prop0.png
cl_057_prop0,confirmed_real,屋顶/檐角/屋脊,high,183.84,41.99,upper roof tier NW corner with upturned gold eave curls,"The roof's NW corner, with its curls about 3.5 u north, and the tiles down to the feet line are covered by the torso and right side. The lower eave and facade are 7-9 u south.",cl_057_prop0.png
cl_010_prop0,confirmed_real,屋顶/檐角/屋脊,high,210.01,39.99,"upper pagoda roof NE slope, vertical gold ridge rod, curled gold horn","The upper tier's slope, the gold rod and the big horn at chest height are under the actor. The lower tier and facade continue to the bottom of the panel, so the building's base is far south.",cl_010_prop0.png
cl_174_prop0,confirmed_real,灯柱/宝顶,high,219.87,37.99,gold ball finial on white wall/gate post,"The white post/coping runs about 7u south from the line, so the base under the finial is south of the feet. The gold ball (about 1.4u above the feet) is under the left leg, with a sliver showing between the legs.",cl_174_prop0.png
cl_158_prop0,confirmed_real,柱/门/牌坊,high,164.79,29.98,wall-walk south balustrade post cap + rail,"The balustrade lines the south edge of the narrow wall-walk, with its plinth at the feet row and the wall face dropping below. The character must be north of it. The middle post's rounded cap is under the left leg, and the rail is under both boots.",cl_158_prop0.png
cl_173_prop0,confirmed_real,柱/门/牌坊,high,237.84,27.98,shaded white-capped balustrade post on the wall-walk's south edge,"The balustrade stands on the plinth at or up to about 0.4u south of the feet row, with the wall dropping below. The zoom shows about 60-70% of the shaded post, including its cream cap, inside the right leg. The gold knob to the east is outside the silhouette.",cl_173_prop0.png
cl_176_prop0,confirmed_real,店铺/货摊/货物,medium,260.01,264.01,"potted shrub at SE corner of the raised porch, top of the stairs","At 6x zoom, the shrub's planter sits on the porch front edge. Its lowest point is about 7 px south of the feet, and the stairs drop south from there. The shrub's right third is under the gourd hand and left leg, at x -22..-12 px from the feet and up to 40 px high. The pavilion finial east of the fee",cl_176_prop0.png
cl_209_prop0,confirmed_real,屋顶/檐角/屋脊,medium,299.07,252.0,pavilion gable ridge beam and tip,"The wooden gable ridge of the pavilion to the south (base far south) slopes up to a tip about 27 px above the feet, at +20 px. The beam runs under the left boot, shows between the legs, and its tip is hidden by the right leg. The defect is real, but the beam is thin and only the lower legs overlap, ",cl_209_prop0.png
cl_168_prop0,confirmed_real,柱/门/牌坊,medium,133.98,243.99,newel post (knob + stacked ornaments) at the NE corner of the round platform's balustrade,"The post's shaft continues south past the feet as the platform's east rail. Comparing with the other posts on the arc puts its base at about the feet row (within about 0.5u). So it is level with or just in front of the feet, and its knob and ornaments are under the left leg/hip. Downgraded from high",cl_168_prop0.png
cl_213_prop0,confirmed_real,屋顶/檐角/屋脊,medium,208.01,235.99,teal ridge-end ornament (chiwen) with gold knob on a teal building roof,"Context confirms a teal-roofed building directly south with this ornament rising from its ridge end. The gold knob rises about 19 px above the feet. Both boots cover its left and right upper body, and only a strip shows in the leg gap. The roof, and the building base far below it, are south of the f",cl_213_prop0.png
cl_232_prop0,confirmed_real,屋顶/檐角/屋脊,medium,183.54,233.98,gold knob of the teal ridge ornament on a building roof,"Context shows a teal-roofed building directly south with this corner ornament. The knob rises about 15 px above the line, and the right boot covers most of it. The roof base is south of the feet.",cl_232_prop0.png
cl_152_prop0,confirmed_real,树冠/树干,medium,172.02,218.02,planter tree crown lobes,"The wider view shows one tree in the raised planter, trunk base about 1.5u south and 5u west. Its NE crown lobe is under the top-left of the hair, and lower crown foliage is under the headband tail and left arm. The white rock's base is north, the east magenta blob is shadow, and the planter curb ru",cl_152_prop0.png
cl_060_prop0,confirmed_real,灯柱/宝顶,medium,281.84,214.01,balustrade corner post gold bulb finial,"At 5x, the dark post body under the gold bulb reaches down to about 0.6 u south of the feet, at the corner where the N-S and E-W rails meet. The bulb is hidden behind the boots, so it is real. I rate it medium rather than high: the object is small, only the lower legs are involved, and the depth gap",cl_060_prop0.png
cl_142_prop0,confirmed_real,树冠/树干,medium,262.01,193.99,blossom tree crown east fringe,"The wide view shows the trunk descending to about 1u south of the feet, roughly 3.7u west. The zoom confirms pink blossoms from that crown under the left third of the head, the headband tail and the left shoulder. The rest under the body is lawn and a low curb end (flat). The stele to the south stay",cl_142_prop0.png
cl_217_prop0,confirmed_real,屋顶/檐角/屋脊,medium,112.89,189.99,two gold flame finials at the ridge junction of a teal roof,"Context shows the teal roof's north eave just south of the line, with the finials rising about 20 px above it. The left finial lies entirely inside the left boot outline, and the right finial's lower right is under the right boot. The roof and building bases are south of the feet.",cl_217_prop0.png
cl_175_prop15,confirmed_real,栏杆/围栏,medium,314.01,179.98,low stone balustrade east end and rounded end cap,"The close view shows a real low railing: grey rail, pale posts and a rounded drum-like end cap. It stands on a pale coping, and its bottom is about 2 px south of the feet. Its top is about 20 px above the feet. Both boots cover the last ~40 px of the rail and the cap. The feet stand right behind the",cl_175_prop15.png
cl_188_prop17,confirmed_real,灯柱/宝顶,medium,239.36,177.98,teal lamp gold finial,"This is the same lamp type as the control, with its base far south. The finial rises only ~22 px above the feet. The right boot and leg cover its right half, and the left half shows between the legs. The defect is real, but the overlap is smaller than the control's, so I rate it medium rather than h",cl_188_prop17.png
cl_225_prop20,confirmed_real,墙/墙角,medium,202.39,174.02,gold corner cap on the raised divider/relief block south of the line,"The walk mask blocks the relief block south of the line. Its west edge casts a shadow wedge, and the gold cap sits on the block's NW corner with a small shadow of its own. The cap's base is on the block top, south of the feet. The cap is about 9x11 px, rises about 15 px above the feet, and is almost",cl_225_prop20.png
cl_191_prop0,confirmed_real,屋顶/檐角/屋脊,medium,311.87,143.99,south roof: gable eave-curl tip and small ridge ornament,"The roof belongs to a building whose base is far south, so anything rising above its ridge is in front. Two parts are covered. A small teal ridge ornament (x +7..+15 px, up to 16 px high) is under the right boot. Only the leftmost ~5-8 px of the gold curl tip (+21..+30 px, 42-51 px high) is under th",cl_191_prop0.png
cl_223_prop0,confirmed_real,树冠/树干,medium,249.85,143.99,green upright post (bamboo or topiary column) inside a raised garden planter,"Context shows a white-framed planter south of the line. The green column rises from inside it, is drawn over the planter's top rail, and has shaded rounded 3D highlights, so it is upright with its base south of the feet. Its whole rounded top, about 17 px above the rim, is inside the right boot outl",cl_223_prop0.png
cl_115_prop0,confirmed_real,其他,medium,154.0,137.99,gold figure at the north tip of the shrub strip beside the pool,"The wide view shows the gold figure at the north tip of the blocked planting strip along the pool's east side. Foliage covers its lower part from the front, and gold continues just below the feet line, so its base is only about 0.2-0.5 u south. The roughly 1.9 u tall figure is hidden behind the left",cl_115_prop0.png
cl_210_prop0,confirmed_real,柱/门/牌坊,medium,156.4,127.98,bronze knob post where a N-S bronze garden railing meets the low white garden balustrade,"Pixel check: the left boot covers the post's gold-and-bronze knob, about 9 px wide and 15 px tall, and the knob top is about 20 px above the feet. The context view shows the post standing on the balustrade line with the railing running south into the bed, so its base is about 10 px south of the feet",cl_210_prop0.png
cl_143_prop0,confirmed_real,屋顶/檐角/屋脊,medium,148.0,87.99,gold pavilion apex finial tip,"The ornate gold pavilion's roof starts about 0.5u south and its body runs 7u+ south. Its finial knob, about 1u tall above the line, is inside the left boot. The gold-framed doorway to the NW has its threshold about 1.7u north of the feet, so it is behind and covering it is correct.",cl_143_prop0.png
cl_182_prop0,confirmed_real,树冠/树干,medium,253.86,77.98,garden shrub at street's south edge,"The shrub grows in the garden bed south of the street, next to the little bridge. The bridge rail is drawn over its lower-left part, so its base lies between about 0 and +10 px of the feet, most likely about +5 px south. Its foliage rises ~40 px, and the right leg covers its left part.",cl_182_prop0.png
cl_224_prop54,confirmed_real,屋顶/檐角/屋脊,medium,87.99,75.98,gold ball finial at the north end of a teal roof ridge,The ball sits on the gold ridge of the roof directly south and rises about 20 px above the line. The left boot covers roughly 60% of it. The roof and building base are south of the feet.,cl_224_prop54.png
cl_185_prop0,confirmed_real,树冠/树干,medium,72.02,74.02,money-tree crown upper-right lobe,"The tree has a real trunk with gold ingots, about 80 px south of the feet in the blocked bed. Its crown lobe reaches ~50 px above the feet, and its right part is under the gourd hand and left leg. The crown top stays outside the silhouette.",cl_185_prop0.png
cl_120_prop54,confirmed_real,树冠/树干,medium,79.83,70.02,foliage crown of the shrub strip along the building's west side,"The foliage mass continues south along the building's west wall, with gold ornaments set in it, for about 5 u. Its westward shadow starts at the feet row, so its base is south. The upper-west part of the crown, reaching about 2.9 u north, is drawn under the legs; the eastern peak stays visible.",cl_120_prop54.png
cl_229_prop0,confirmed_real,雕像/石狮/石件,medium,300.0,54.0,spiky shrub in a small stone planter,"The shrub grows in a planter south of the line and its tip rises about 13 px above the feet. Pixel check: about 90 px of its green tip are under the right boot, and only its left edge shows in the leg gap. There is also a negligible 2-3 px of a grey planter post under the left sole.",cl_229_prop0.png
cl_117_prop0,confirmed_real,树冠/树干,medium,72.02,52.0,"flowering-shrub crown over the kerb end, and the cherry canopy's east edge","The blocked shrub bed starts at the feet row. Its crown spills about 1 u north over the kerb's rounded end and onto the paving, under both boots and shins. A wider render shows the cherry tree's trunk about 3 u south-west of the feet, so its canopy edge under the gourd and left arm is also in front.",cl_117_prop0.png
cl_192_prop0,confirmed_real,雕像/石狮/石件,medium,81.98,46.0,raised white-stone planter with shrub at stair top,"The planter is raised. Its south rim, its lowest point, is about 15-22 px south of the feet, just above the stair balustrade post. The feet stand at its east rim, halfway along it. The left boot and leg cover the east rim and the right side of the shrub. As drawn now, the boot looks planted inside t",cl_192_prop0.png
cl_198_prop0,confirmed_real,柱/门/牌坊,medium,229.35,27.98,terrace south balustrade carved post,"At 6x zoom the carved post runs from about 27 px above the feet down to its base about 7-9 px south, on the dark coping. The right leg and boot cover its right two-thirds, and the rest shows between the legs. The defect is real, but it is at boot and shin level, so medium rather than high.",cl_198_prop0.png
cl_084_prop0,confirmed_real,栏杆/围栏,low,316.02,264.01,round parapet newel cap under the right boot,"At 5x the round cap's top is ~3 px above the feet line, and its post continues ~9 px south. The right boot sole covers a ~12x3 px sliver of the cap's top. The balusters under the leg further north are behind, and the magenta band is the flat bridge side. Real but marginal.",cl_084_prop0.png
cl_074_prop0,confirmed_real,树冠/树干,low,83.84,250.0,top-left edge of the bush crown just SE of the feet,"The big canopy's trunk ends ~22 px north, so that tree is behind. The bright yellow-green bush mass SE of the feet continues 30+ px south, and its crown top reaches ~10-12 px north of the line. About 30 px of it (≈5x8 px, dy -9..-2) is under the right boot's right edge. Real but tiny, so low rather ",cl_074_prop0.png
cl_155_prop0,confirmed_real,屋顶/檐角/屋脊,low,101.86,250.0,cluster of small white-capped stones at the bridge head,"A 9x zoom shows the cluster's dark round stone reaching about 0.3u south of the line, so the cluster is in front. The white caps (under 1u tall) are under the right boot. The big magenta is cast shadow. The stacked gold post has its base about 1u north and is outside the silhouette, and the bridge r",cl_155_prop0.png
cl_064_prop0,confirmed_real,栏杆/围栏,low,318.02,246.0,lower of the paired parapet knobs,"At 6x, the lower knob's bottom is about 0.2 u south of the feet, and the post under it sits further south. The right boot covers most of the knob. It is real but tiny, and the root cause is the feet being placed on the parapet line.",cl_064_prop0.png
cl_195_prop0,confirmed_real,墙/墙角,low,258.01,241.99,tall green planter at SE corner of raised porch,"The planter is drawn with its bottom 3-10 px north of the feet, but it stands at the front edge of a porch about 15 px high. The porch front face meets the ground about 9-10 px south of the feet, so the planter's real ground spot is about 5-10 px south and it is in front. Only its right 4-10 px edge",cl_195_prop0.png
cl_234_prop0,confirmed_real,屋顶/檐角/屋脊,low,104.0,189.99,gold flame finial on a teal roof ridge end,"The finial sits on the roof south of the line and rises about 20 px. It lies mostly left of the character, but the left boot's outer edge covers its right flank, about 6 px wide and 12 px tall (about 46 gold px), slightly more than the reviewer estimated. The roof base is south of the feet.",cl_234_prop0.png
cl_149_prop0,confirmed_real,店铺/货摊/货物,low,85.84,162.01,market stall table west rim,"The table's dark front skirt reaches about 1u south, so the table is in front. A 9x zoom shows only its dark west rim and a few check pixels (about 3-4 source px) under the right leg's outer edge. The rest of the magenta is building shadow on paving. Barely noticeable.",cl_149_prop0.png
cl_049_prop0,confirmed_real,树冠/树干,low,137.99,143.99,garden tree crown tip,"The tree's trunk is visible well south, more than 9 u. Its crown top pokes about 0.8 u above the feet line and is covered by the boots. The rest of the magenta is a flat N-S inlay strip. It is real but only a few pixels.",cl_049_prop0.png
cl_134_prop0,confirmed_real,灯柱/宝顶,low,160.11,75.98,gold lantern spire and cap shoulders,"The lantern's pedestal base is about 5 u south, so it is in front. However, the spire (about 1.4 u) fits almost exactly in the gap between the legs. Only its collar and the cap shoulders are clipped by the inner edges of the boots. The error is technically real but barely visible, so I downgraded se",cl_134_prop0.png
cl_228_prop0,confirmed_real,树冠/树干,low,245.85,75.98,"tree crown west lobe, plus the top rim of an upright grey stone slab","Context shows the tree trunk about 30 px south-east of the feet, so the crown is in front. The right pants cover a foliage sliver 1-3 px wide and about 16 px tall. Missed by the reviewer: an upright grey stone slab directly south, with a dark side face and a long west shadow and its base about 40 px",cl_228_prop0.png
cl_020_prop0,confirmed_real,雕像/石狮/石件,low,113.87,74.02,thin gold rod rising from a gold knob near the fountain urn,"A gold rod at dx +5..+13, dy -20..0 rises from a knob at dy +1..+9, which connects by a gold bar to the big urn to the SE. The right boot fully hides the rod, so it is real, but only about 8x20 px, so I rate it low rather than medium. The rest of the magenta is shadow and basin rim, and the bench is",cl_020_prop0.png
cl_073_prop0,confirmed_real,柱/门/牌坊,low,217.87,64.01,pink flowers in the pot on top of the ornate teal/gold column,"The column's stepped plinth is ~110 px south of the feet, and it casts an upright shadow to the west, so the pot and flowers on top stand in front. The pixel map shows only the flowers' left fringe under the right hand/pouch: about 40 pink px (≈7x8 px at dy -59..-52). The pot rim is not reached. Rea",cl_073_prop0.png
cl_008_prop54,confirmed_real,柱/门/牌坊,low,77.83,62.01,stacked gold gourd ornament on a post at a shop corner,"Most of the magenta is a building's flat shadow. The only real contact is the gourd (dy -38..-5), whose beads and dark post continue south to about +30. Only its left ~3 px sliver is under the right leg, so it is real but tiny.",cl_008_prop54.png
cl_059_prop0,unclear,树冠/树干,medium,67.87,196.0,"garden tree crown, west fringe","The character's right arm and side, about a 1 u wide strip, cover the west fringe of a round crown about 6 u tall. No trunk is visible; I checked at 4-5x and with a brown-pixel map. The crown's bottom merges into shrubs at the feet line. Other trees in this painting have bases about 1.5-2 u below th",cl_059_prop0.png
cl_207_prop0,disputed,柱/门/牌坊,low,177.83,275.98,terrace south low balustrade rail between two posts,"This is not a flat coping. At 5x zoom there are knob-topped posts about 60 px apart, running from 18 px above the feet down to about 4 px south. A pale top rail (13 to 6 px above the feet) spans between them, with a dark face below it. It is the same design as the terrace's north balustrade, so it i",cl_207_prop0.png
cl_104_prop0,unclear,栏杆/围栏,low,131.98,260.01,gold N-S arena balustrade rail directly under the left boot,"Above the boots the reviewer is right: the covered rail and bracket are behind, and the tall bronze pole is ~17 px clear to the east. The problem is at boot level. The left boot stands right on the gold rail, and the balustrade continues 10-40 px south to a gold newel collar whose top is 10 px south",cl_104_prop0.png
cl_072_prop0,disputed,其他,low,137.84,189.99,small cream egg-shaped garden ornament on the bed curb under the right boot,"The blue flower clump is behind, as the reviewer said. The reviewer missed an ornament: at 8x a shaded cream egg-shaped ornament sits on the curb directly under the right boot (dx 12-23). Its bottom, with a yellow rim, is ~5 px south of the feet, and its top is ~9 px north. The boot covers its upper",cl_072_prop0.png
cl_015_prop0,disputed,墙/墙角,low,64.01,74.02,gold-rimmed curved edging at a flower-bed / terrace corner,"At 7x this is not a statue. It is a gold rim that outlines dark bed foliage, with a curled top. Its lowest pixel is about 7 px south of the feet, but I can't tell whether it is an upright raised planter wall or a flat decorative rim. Even if upright, it would hide only part of the left boot and shin",cl_015_prop0.png
cl_033_prop0,disputed,屋顶/檐角/屋脊,low,316.02,46.0,"gold-rimmed planter holding a bush, east of a pavilion","A gold-pixel map puts the rim's lowest pixel at about dy +1, which is a tie with the feet, not a clear in-front case. The bush is under the left leg, but at a 1 px margin either draw order is acceptable. It is not the pavilion's eave: it stands apart from the roof edge.",cl_033_prop0.png
cl_034_prop0,disputed,其他,low,221.88,46.0,NW lobe of a large shrub at the flower strip's edge,"Mostly flat: low flower strip, curb and stepping stones. But the outline view shows the shrub's NW lobe at dx +13..+23, dy -13..0 under the outer edge of the right boot and shin. The shrub is upright (it casts a shadow on the paving) and its mass runs 40+ px south, so the lobe should hide that bit. ",cl_034_prop0.png
cl_003_prop0,unclear,树冠/树干,low,104.0,43.99,tree crown plus cream cap at the north end of the bed's gold-trimmed N-S border,"At pixel level the trunk is last clearly brown about 30 px north of the feet, and the bed's north edge is about 35-38 px north, so the tree most likely stands behind. Below the trunk it is only a dark green gap. The cream cap tops the bed's N-S border, and a dark band at dy -8..0 puts its ground con",cl_003_prop0.png
cl_235_prop0,disputed,栏杆/围栏,none,78.76,237.99,"merlons of the low crenellated parapet beside the city-wall walkway, and the dark gutter strip","The parapet runs almost north-south, so each merlon's base is at its own latitude. The merlon fully under the right boot has its top face at panel y 399-432, about 17-5 px north of the feet, so its base is north and it is behind. The gutter is flat. Only the next merlon's north 3 px sit under the so",cl_235_prop0.png
cl_211_prop13,disputed,栏杆/围栏,none,203.56,193.99,central stair rail (low N-S cheek rail between two stair flights) and its north end cap,"The rail is a long, low strip running north-south. Its narrow west shadow suggests it is only about 3-5 px tall. Its rounded north cap sits on the landing about 20 px north of the feet, so the cap and the rail top between the cap and the feet all stand north of the feet and are behind the character.",cl_211_prop13.png
cl_220_prop0,disputed,柱/门/牌坊,none,170.02,185.99,large carved column on a two-tier octagonal pedestal (column shaft east edge and plinth SE chamfer),"Context shows the feet on the pedestal's lower-tier ledge at the SE corner of the upper plinth. The sleeve and gourd cover the column shaft's east edge. The shaft stands on the plinth top, and its centre and base are 20+ px north of the feet, so the character is south-east of it and in front. The le",cl_220_prop0.png
cl_093_prop0,disputed,雕像/石狮/石件,none,309.86,125.98,low N-S stone curbs + sunken garden interior (shrub not reached),"A 5x zoom and a per-pixel hue map show the yellow shrub's nearest flowers start at dx≈+22, top at dy≈-3. The right boot ends at dx≈+19-21, so there is at most a 1 px touch, not 4x6. The only yellowish pixels under the actor are curb flecks at dx 7-12. Everything covered is low curbs and the dark bed",cl_093_prop0.png
cl_212_prop0,disputed,屋顶/檐角/屋脊,none,143.85,60.01,cast shadow of the blue-domed pavilion on the plaza paving,"I measured row by row. Everything under the character's right side has the grey shadow color (about 130,128,125). The pavilion's westmost dark rim knob starts at panel x 312-315, while the pants edge ends at x 305-311, a gap of 0-1 original px. At the hand, at most a 1 px outline pixel is touched. T",cl_212_prop0.png
cl_131_prop12,confirmed_real_single_review,屋顶/檐角/屋脊,high,295.85,193.99,teal roof ridge with gold flame finial (building south of the feet),Reviewer agent returned no verdict for this cluster; judged by hand: the ridge finial rises from a roof whose building stands south of the feet into the lower legs and is fully covered by the actor. Not adversarially re-checked.,cl_131_prop12.png
